8329435841,mediaeval_2017_test,1,0.3988800048828125
30442223,mediaeval_2017_test,1,0.15048789978027344
2252399391,mediaeval_2017_test,1,0.8789324760437012
6119653033,mediaeval_2017_test,1,0.11376889050006866
4758865037,mediaeval_2017_test,1,0.11106821149587633
520466994,mediaeval_2017_test,1,0.19339847564697266
12408115134,mediaeval_2017_test,1,0.21429228782653803
443581119,mediaeval_2017_test,2,1.1395606994628906
8550761069,mediaeval_2017_test,1,0.28292179107666016
5400123029,mediaeval_2017_test,1,0.5700864791870117
3251463564,mediaeval_2017_test,1,0.1652984619140625
7162738167,mediaeval_2017_test,1,1.0
2196780786,mediaeval_2017_test,1,0.16890013217926025
2526948791,mediaeval_2017_test,1,0.9072942733764646
2592105822,mediaeval_2017_test,1,0.2642555236816406
5860496813,mediaeval_2017_test,1,0.049477577209472656
2181852626,mediaeval_2017_test,2,4.472991943359375
147110006,mediaeval_2017_test,1,0.10907247662544253
865791869,mediaeval_2017_test,1,0.7471699714660645
3209681443,mediaeval_2017_test,1,0.2840099334716797
2946221734,mediaeval_2017_test,1,0.3713324964046479
1214502608,mediaeval_2017_test,1,0.15773582458496094
8935697953,mediaeval_2017_test,2,1.545277595520019
2577271009,mediaeval_2017_test,2,1.8986517190933228
7343264988,mediaeval_2017_test,1,0.22786641120910645
8269873109,mediaeval_2017_test,1,0.0601947121322155
624050167,mediaeval_2017_test,1,0.10656756162643433
57866594,mediaeval_2017_test,1,0.06938552856445312
2590812362,mediaeval_2017_test,2,1.460661888122559
883708887,mediaeval_2017_test,1,0.13152360916137695
5508366306,mediaeval_2017_test,1,0.5272660255432129
3113501401,mediaeval_2017_test,1,0.5597641468048096
7004564583,mediaeval_2017_test,1,1.0
2577133904,mediaeval_2017_test,1,0.11000442504882812
2837466299,mediaeval_2017_test,1,0.13734585046768188
1860609984,mediaeval_2017_test,2,1.0734367370605469
11579715233,mediaeval_2017_test,1,0.15611648559570312
6093233726,mediaeval_2017_test,1,0.9700775146484375
1856493172,mediaeval_2017_test,1,0.10100841522216797
4395811067,mediaeval_2017_test,1,0.19434118270874023
4337715872,mediaeval_2017_test,1,0.14870351552963257
5386398797,mediaeval_2017_test,1,0.13446882367134094
2831987669,mediaeval_2017_test,1,0.7206487655639648
4311352333,mediaeval_2017_test,1,0.19890499114990234
2644543728,mediaeval_2017_test,2,3.8911973237991333
281625939,mediaeval_2017_test,1,0.2675562798976898
5928441261,mediaeval_2017_test,2,1.4151309728622437
8962494037,mediaeval_2017_test,2,1.280601680278778
7663648812,mediaeval_2017_test,1,0.5690393447875979
2427892507,mediaeval_2017_test,1,0.08746761083602905
4268228292,mediaeval_2017_test,1,0.7889413833618164
6127133420,mediaeval_2017_test,1,1.0
5486591191,mediaeval_2017_test,1,0.2949028015136719
6867623192,mediaeval_2017_test,1,0.16341018676757812
4451599815,mediaeval_2017_test,1,0.5446058511734009
238682903,mediaeval_2017_test,1,0.2070446014404297
7622871188,mediaeval_2017_test,1,0.46227705478668213
4963977748,mediaeval_2017_test,1,0.5787132978439331
2818152442,mediaeval_2017_test,1,0.3662996292114258
4362983755,mediaeval_2017_test,2,4.558909654617309
4466692982,mediaeval_2017_test,1,0.4819962978363037
5680076390,mediaeval_2017_test,1,0.018482208251953125
3895135481,mediaeval_2017_test,1,0.6107686758041382
4483253746,mediaeval_2017_test,1,0.49339842796325684
3634632451,mediaeval_2017_test,1,0.07975578308105469
12340775995,mediaeval_2017_test,1,0.23355823755264282
2793182010,mediaeval_2017_test,1,0.4071505069732666
2141720577,mediaeval_2017_test,1,0.2486424446105957
5281167448,mediaeval_2017_test,1,0.7483367919921875
2167783620,mediaeval_2017_test,1,0.28376954793930054
3945816074,mediaeval_2017_test,1,0.18067169189453125
177378324,mediaeval_2017_test,1,0.2968206405639649
6897677107,mediaeval_2017_test,1,0.12564802169799802
379422446,mediaeval_2017_test,1,0.09975385665893555
3926975589,mediaeval_2017_test,1,0.026614755392074578
2579884826,mediaeval_2017_test,1,0.747833251953125
11546371716,mediaeval_2017_test,1,0.15676069259643552
2208591315,mediaeval_2017_test,1,0.09258222579956055
9456505488,mediaeval_2017_test,1,0.08684921264648438
8366338069,mediaeval_2017_test,1,0.0978318452835083
137775103,mediaeval_2017_test,2,1.0
12599699673,mediaeval_2017_test,1,0.13971805572509766
3272649154,mediaeval_2017_test,1,0.07072877883911133
1401247982,mediaeval_2017_test,2,1.9618898630142212
166440472,mediaeval_2017_test,1,0.09200620651245117
8023349028,mediaeval_2017_test,1,0.20715236663818362
448611645,mediaeval_2017_test,1,0.11197757720947266
178489036,mediaeval_2017_test,2,5.416813373565674
187282603,mediaeval_2017_test,1,0.412078857421875
864625742,mediaeval_2017_test,1,1.0
7881593082,mediaeval_2017_test,1,0.2754974365234375
9248567735,mediaeval_2017_test,2,1.2101606130599976
2704297494,mediaeval_2017_test,1,0.7077980041503906
4114389717,mediaeval_2017_test,1,0.3054687976837158
2212959658,mediaeval_2017_test,1,0.33050346374511724
10629463414,mediaeval_2017_test,1,0.0955963134765625
3350904458,mediaeval_2017_test,1,0.2979825735092163
4375033873,mediaeval_2017_test,1,0.14021778106689453
4072279718,mediaeval_2017_test,2,1.4409723281860352
6096784665,mediaeval_2017_test,1,0.4893878102302551
5435383281,mediaeval_2017_test,1,0.4577345848083495
2095745906,mediaeval_2017_test,1,0.17883920669555664
9473154506,mediaeval_2017_test,1,0.08523887395858763
2522790802,mediaeval_2017_test,1,0.199432373046875
5326584159,mediaeval_2017_test,1,0.12024116516113281
8142884001,mediaeval_2017_test,1,0.6616512537002563
5705255339,mediaeval_2017_test,1,0.004172325134277344
4150032730,mediaeval_2017_test,2,5.0446157455444345
2537336862,mediaeval_2017_test,1,0.10091018676757812
2368733644,mediaeval_2017_test,1,0.3281983733177185
2469364254,mediaeval_2017_test,1,0.7588211297988892
3994494875,mediaeval_2017_test,1,0.2866086959838867
423373303,mediaeval_2017_test,1,1.0
2558229298,mediaeval_2017_test,1,1.0
6993909918,mediaeval_2017_test,1,0.028679370880126957
4683003643,mediaeval_2017_test,1,0.057498931884765625
6187686669,mediaeval_2017_test,1,0.0650634765625
3843337492,mediaeval_2017_test,1,0.5702581405639648
6147182985,mediaeval_2017_test,2,1.1157296895980835
312952874,mediaeval_2017_test,1,0.5274367332458496
2357935319,mediaeval_2017_test,1,0.19643664360046384
4159743249,mediaeval_2017_test,1,1.0
4460715811,mediaeval_2017_test,2,2.583645462989807
6094114869,mediaeval_2017_test,1,0.07828444242477417
2745941478,mediaeval_2017_test,1,0.10062980651855469
204145989,mediaeval_2017_test,1,0.6037955284118652
2372892853,mediaeval_2017_test,1,0.14104318618774414
3099672255,mediaeval_2017_test,1,0.0
5644080042,mediaeval_2017_test,1,0.3261985778808594
5515698182,mediaeval_2017_test,2,1.8509454727172852
4124534151,mediaeval_2017_test,1,1.0
7522295520,mediaeval_2017_test,1,0.36445504426956177
5225896618,mediaeval_2017_test,2,1.6046234369277954
677074862,mediaeval_2017_test,1,0.2186063528060913
4963892596,mediaeval_2017_test,1,0.3052506446838379
1798488338,mediaeval_2017_test,1,1.0
2410901351,mediaeval_2017_test,1,0.000957489013671875
4080365286,mediaeval_2017_test,1,0.1313251256942749
4434382684,mediaeval_2017_test,2,1.5427315831184387
2781885146,mediaeval_2017_test,1,0.2612028121948242
5990156133,mediaeval_2017_test,1,0.2797794342041016
2126415844,mediaeval_2017_test,1,0.07055830955505371
5673150904,mediaeval_2017_test,1,0.4054241180419922
451583362,mediaeval_2017_test,1,1.0
908863555,mediaeval_2017_test,1,0.2122020721435547
2532347594,mediaeval_2017_test,1,0.003029263956705108
8663511358,mediaeval_2017_test,1,0.14841461181640625
2349245609,mediaeval_2017_test,1,0.8826866149902344
5265682813,mediaeval_2017_test,1,0.11977100372314456
7302227696,mediaeval_2017_test,1,0.16798019409179688
2561919564,mediaeval_2017_test,1,0.5802097320556641
27920338,mediaeval_2017_test,1,0.18249273300170898
2352616972,mediaeval_2017_test,1,0.22013601660728455
8379627791,mediaeval_2017_test,1,0.26108843088150024
12571750463,mediaeval_2017_test,1,0.9569058418273926
8223897954,mediaeval_2017_test,1,0.3473072052001953
5379025966,mediaeval_2017_test,2,1.816038608551025
8023108474,mediaeval_2017_test,2,1.148639440536499
1969485058,mediaeval_2017_test,1,0.7067484855651855
5898494540,mediaeval_2017_test,1,0.2828359007835388
411749160,mediaeval_2017_test,1,0.5865426063537598
10794983373,mediaeval_2017_test,1,0.36229726672172546
2608163051,mediaeval_2017_test,2,3.3985393047332764
12555494373,mediaeval_2017_test,1,0.08222293853759766
455493206,mediaeval_2017_test,1,0.3017262816429138
4826710094,mediaeval_2017_test,1,0.10999536514282227
4398606501,mediaeval_2017_test,1,0.15070152282714844
6095399432,mediaeval_2017_test,2,3.0064058303833003
4139837007,mediaeval_2017_test,1,0.4296121597290039
6107607570,mediaeval_2017_test,1,0.3732128143310547
8835385027,mediaeval_2017_test,1,1.0
8336508919,mediaeval_2017_test,1,0.0970478057861328
3483809003,mediaeval_2017_test,1,0.3583240509033203
2235633397,mediaeval_2017_test,1,0.0571441650390625
5667090339,mediaeval_2017_test,1,0.15913772583007812
5414635746,mediaeval_2017_test,1,1.0
8142265785,mediaeval_2017_test,1,0.20717585086822513
290710708,mediaeval_2017_test,1,0.5652389526367188
4761285567,mediaeval_2017_test,1,0.5370368957519531
176993266,mediaeval_2017_test,1,0.4359774589538574
8200322353,mediaeval_2017_test,1,0.031016616150736812
10597344223,mediaeval_2017_test,1,1.0
4945787026,mediaeval_2017_test,1,0.16580581665039062
2835066399,mediaeval_2017_test,1,0.6935100555419922
8459865823,mediaeval_2017_test,1,0.6223807334899902
4656414030,mediaeval_2017_test,1,0.1432470977306366
2837658832,mediaeval_2017_test,1,0.0625009536743164
6738550643,mediaeval_2017_test,2,2.7524590492248535
10508574546,mediaeval_2017_test,2,1.0
6095358912,mediaeval_2017_test,1,0.25914525985717773
5416604883,mediaeval_2017_test,1,0.7486281394958496
8738468447,mediaeval_2017_test,1,0.07467484474182129
8313677595,mediaeval_2017_test,1,0.28648471832275385
4680097118,mediaeval_2017_test,2,1.152970016002655
5728197485,mediaeval_2017_test,1,0.08604812622070312
5671415900,mediaeval_2017_test,2,4.276091933250427
4436962264,mediaeval_2017_test,1,0.8223257064819336
13221954383,mediaeval_2017_test,1,0.13965320587158203
2538518632,mediaeval_2017_test,1,0.47736644744873047
13536350813,mediaeval_2017_test,1,1.0
4766226671,mediaeval_2017_test,1,0.12611007690429688
112732902,mediaeval_2017_test,1,0.234796404838562
6333475780,mediaeval_2017_test,1,0.24755680561065668
6999700074,mediaeval_2017_test,1,0.36145544052124023
167773656,mediaeval_2017_test,2,1.0
2052048946,mediaeval_2017_test,1,0.104295015335083
858170477,mediaeval_2017_test,1,0.5369513034820557
6089379814,mediaeval_2017_test,1,0.42652612924575806
3108806888,mediaeval_2017_test,1,0.19918775558471682
898039559,mediaeval_2017_test,1,0.153292179107666
5526920763,mediaeval_2017_test,1,0.10980987548828125
6092953629,mediaeval_2017_test,1,0.2520105838775635
8564707991,mediaeval_2017_train,2,4.990130186080933
474407409,mediaeval_2017_train,1,0.5137366056442261
5288729524,mediaeval_2017_train,1,0.7554876804351807
9271464598,mediaeval_2017_train,1,0.1332448124885559
5693375794,mediaeval_2017_train,2,1.9699031412601467
5760109328,mediaeval_2017_train,1,0.3559478521347046
940184138,mediaeval_2017_train,2,1.9316748380661009
4030312147,mediaeval_2017_train,1,0.3473110198974609
6158660250,mediaeval_2017_train,1,0.128326416015625
96627027,mediaeval_2017_train,1,0.2784636914730072
7005004869,mediaeval_2017_train,2,2.5795364379882812
5004564071,mediaeval_2017_train,1,0.07373332977294922
3643814133,mediaeval_2017_train,1,1.0
2857616551,mediaeval_2017_train,1,0.4361286163330078
5341274635,mediaeval_2017_train,1,0.6971879005432129
632961343,mediaeval_2017_train,1,0.4551239013671875
1175777923,mediaeval_2017_train,1,0.19599342346191406
1755814917,mediaeval_2017_train,1,0.409855604171753
3487057992,mediaeval_2017_train,1,0.33096033334732056
8138710684,mediaeval_2017_train,1,0.33264753222465515
3017045347,mediaeval_2017_train,2,1.2095847129821777
8418596761,mediaeval_2017_train,1,0.4242572784423828
1437266191,mediaeval_2017_train,1,0.2496299743652344
2747817234,mediaeval_2017_train,1,0.44094705581665034
10625277256,mediaeval_2017_train,2,6.007544279098511
3087161274,mediaeval_2017_train,1,0.23994970321655276
6486409547,mediaeval_2017_train,1,0.13897395133972168
409595749,mediaeval_2017_train,1,0.7025890350341797
540438769,mediaeval_2017_train,1,0.7233563661575317
11805956435,mediaeval_2017_train,1,0.2000322341918946
13745523473,mediaeval_2017_train,1,0.2562360763549805
8142169173,mediaeval_2017_train,1,0.5282254219055176
5801053370,mediaeval_2017_train,1,0.1663658618927002
4100728095,mediaeval_2017_train,1,0.21433496475219727
8317904618,mediaeval_2017_train,1,0.10761725902557373
5260573260,mediaeval_2017_train,1,0.30292510986328125
7288846840,mediaeval_2017_train,1,0.046539306640625
4969277984,mediaeval_2017_train,2,1.0093994140625
8314488139,mediaeval_2017_train,1,0.2076478004455566
11533766874,mediaeval_2017_train,1,0.018527507781982422
8661037078,mediaeval_2017_train,1,0.15174895524978638
9143954316,mediaeval_2017_train,1,1.0
2457457193,mediaeval_2017_train,1,0.6484912633895874
174080558,mediaeval_2017_train,1,0.5186910629272461
2089497011,mediaeval_2017_train,1,0.5578703880310059
780564092,mediaeval_2017_train,1,0.8915643692016604
2456154794,mediaeval_2017_train,1,0.1348552703857422
4469003981,mediaeval_2017_train,1,0.366635799407959
3552248093,mediaeval_2017_train,1,0.5610275268554688
3116296490,mediaeval_2017_train,1,0.2047109603881836
2456106701,mediaeval_2017_train,1,0.5711126327514648
5903723002,mediaeval_2017_train,2,1.4351539611816406
2934006313,mediaeval_2017_train,1,0.07636022567749023
5987072483,mediaeval_2017_train,1,0.7834396362304688
871763768,mediaeval_2017_train,1,0.3095874786376953
8297043296,mediaeval_2017_train,1,0.08963465690612794
5267738818,mediaeval_2017_train,1,1.0
2314590377,mediaeval_2017_train,1,0.508059024810791
5480091966,mediaeval_2017_train,2,1.1189029812812805
6995609934,mediaeval_2017_train,1,0.2160825729370117
8745436574,mediaeval_2017_train,1,1.0
3939859433,mediaeval_2017_train,1,0.35548150539398193
452807139,mediaeval_2017_train,2,1.3178175687789915
3637904790,mediaeval_2017_train,1,1.0
6306379604,mediaeval_2017_train,1,0.7568305730819702
8348167148,mediaeval_2017_train,1,0.1666107177734375
5029372755,mediaeval_2017_train,1,0.372467041015625
8388283345,mediaeval_2017_train,1,0.3368483781814576
3685111553,mediaeval_2017_train,1,0.309478759765625
9396619519,mediaeval_2017_train,1,0.22676467895507812
12324945273,mediaeval_2017_train,1,0.6472339630126953
623659743,mediaeval_2017_train,2,1.4528957605361938
8270174434,mediaeval_2017_train,1,0.23893976211547852
3682525199,mediaeval_2017_train,1,0.6891951560974121
3698021950,mediaeval_2017_train,1,0.12662839889526367
2164550548,mediaeval_2017_train,1,0.5913262367248535
5351849360,mediaeval_2017_train,2,2.5367510318756104
176610078,mediaeval_2017_train,1,0.4545602798461914
11687489094,mediaeval_2017_train,1,0.17193454504013062
5425710504,mediaeval_2017_train,1,1.0
382761698,mediaeval_2017_train,1,0.5456771850585938
2693839926,mediaeval_2017_train,1,0.13965940475463867
4436346186,mediaeval_2017_train,1,0.20269298553466797
3265453413,mediaeval_2017_train,1,0.055617690086364746
164019989,mediaeval_2017_train,1,0.010427236557006838
6886001227,mediaeval_2017_train,1,1.0
462338940,mediaeval_2017_train,1,0.20898056030273438
1263088022,mediaeval_2017_train,1,0.2746162414550781
4122610095,mediaeval_2017_train,1,0.21620672941207886
4301048165,mediaeval_2017_train,2,1.1683861613273616
7856670232,mediaeval_2017_train,1,0.20487523078918457
5347785076,mediaeval_2017_train,1,0.295676589012146
4436863796,mediaeval_2017_train,1,0.42775535583496094
2861782645,mediaeval_2017_train,2,1.6021919250488281
4529148756,mediaeval_2017_train,1,0.9328365325927734
5932525414,mediaeval_2017_train,1,0.3452682495117188
3182113566,mediaeval_2017_train,1,1.0
1907424176,mediaeval_2017_train,2,1.7837244868278503
2659626674,mediaeval_2017_train,1,0.1507863998413086
2617496605,mediaeval_2017_train,1,0.11479762196540833
5728160044,mediaeval_2017_train,1,0.1785221099853516
434656438,mediaeval_2017_train,1,0.23106765747070312
5252326806,mediaeval_2017_train,1,0.1225738525390625
2711528328,mediaeval_2017_train,1,0.025380611419677738
8297367516,mediaeval_2017_train,2,4.931626081466675
4479181860,mediaeval_2017_train,2,1.3884608745574951
5357086864,mediaeval_2017_train,2,1.3000844717025757
146402447,mediaeval_2017_train,1,0.36053943634033203
4423710085,mediaeval_2017_train,1,0.12202788889408112
2562208579,mediaeval_2017_train,1,0.025707244873046875
2581081671,mediaeval_2017_train,1,0.21547698974609375
5673823813,mediaeval_2017_train,1,0.5200815200805664
5351481946,mediaeval_2017_train,1,0.28369343280792236
4619114325,mediaeval_2017_train,2,3.5899174213409424
13948706965,mediaeval_2017_train,1,0.48311424255371094
2613156889,mediaeval_2017_train,1,0.09216392040252686
294304200,mediaeval_2017_train,2,1.5442374348640442
5337115387,mediaeval_2017_train,1,0.15277794003486636
2470233567,mediaeval_2017_train,1,0.21721267700195312
871399802,mediaeval_2017_train,1,0.7873358726501465
2932570754,mediaeval_2017_train,1,0.05063915252685547
2409895613,mediaeval_2017_train,1,0.1707395315170288
475548703,mediaeval_2017_train,1,0.1390419006347656
311518413,mediaeval_2017_train,1,0.11575126647949219
10457158923,mediaeval_2017_train,1,0.2363683581352234
2402683261,mediaeval_2017_train,1,0.3212013244628906
5351410623,mediaeval_2017_train,1,0.7089149951934814
7177961036,mediaeval_2017_train,1,0.3699798583984375
8143030670,mediaeval_2017_train,1,0.2742769792675972
3532928109,mediaeval_2017_train,1,0.1630268096923828
6088650487,mediaeval_2017_train,1,0.4365568459033966
8827062716,mediaeval_2017_train,1,0.30501747131347656
4864158271,mediaeval_2017_train,1,0.1628093719482422
3646834931,mediaeval_2017_train,1,0.3626538515090943
6128272276,mediaeval_2017_train,1,0.11641502380371094
8272837691,mediaeval_2017_train,1,0.188609778881073
8224581510,mediaeval_2017_train,1,0.18994426727294922
11001896503,mediaeval_2017_train,2,1.4153363108634953
2107044519,mediaeval_2017_train,1,0.9969110488891604
3599036152,mediaeval_2017_train,1,0.3821277618408203
3941116340,mediaeval_2017_train,1,0.40702152252197266
4677349374,mediaeval_2017_train,1,0.25391626358032227
7091989205,mediaeval_2017_train,1,0.16968673467636108
1097922649,mediaeval_2017_train,1,1.0
12410933973,mediaeval_2017_train,1,0.44756007194519043
5041188341,mediaeval_2017_train,1,0.13455843925476074
5358452473,mediaeval_2017_train,1,0.3666839599609375
2865732991,mediaeval_2017_train,1,1.0
8150981465,mediaeval_2017_train,1,0.2430129051208496
8906000941,mediaeval_2017_train,1,0.17926025390625
5916156421,mediaeval_2017_train,1,0.08638614416122437
5518258674,mediaeval_2017_train,1,0.44628787040710455
8980750791,mediaeval_2017_train,1,0.47638702392578125
60963028,mediaeval_2017_train,1,0.328826904296875
2514368424,mediaeval_2017_train,1,0.0
4932120056,mediaeval_2017_train,1,0.07410383224487305
1271708308,mediaeval_2017_train,1,0.42150306701660156
5761452208,mediaeval_2017_train,1,0.272735595703125
5015123851,mediaeval_2017_train,1,0.18601226806640625
1241716956,mediaeval_2017_train,1,0.4073982238769531
2707159566,mediaeval_2017_train,1,0.05229282379150391
2199675112,mediaeval_2017_train,2,1.0585668981075285
3734430866,mediaeval_2017_train,1,0.3758583068847656
650764934,mediaeval_2017_train,1,0.07921814918518066
4958917958,mediaeval_2017_train,1,0.18048143386840823
3207715884,mediaeval_2017_train,1,0.09856796264648438
5651116345,mediaeval_2017_train,1,0.6079807281494141
2572639558,mediaeval_2017_train,1,0.2248020172119141
11889348366,mediaeval_2017_train,1,0.04951131343841553
12254073506,mediaeval_2017_train,1,0.14588069915771484
159228429,mediaeval_2017_train,1,0.22913217544555664
5310885105,mediaeval_2017_train,1,0.06987380981445312
4458996766,mediaeval_2017_train,1,0.05058670043945314
3998179913,mediaeval_2017_train,1,0.06598687171936035
8318312424,mediaeval_2017_train,1,0.39358043670654297
525729296,mediaeval_2017_train,1,0.46935462951660156
5142391798,mediaeval_2017_train,1,0.22294116020202634
238443850,mediaeval_2017_train,1,0.5799617767333984
5428149625,mediaeval_2017_train,1,0.006922304630279541
534725585,mediaeval_2017_train,1,0.34827184677124023
5418831222,mediaeval_2017_train,1,0.05386936664581299
5342726073,mediaeval_2017_train,2,1.6245338171720505
5252443929,mediaeval_2017_train,1,0.07675647735595703
876947212,mediaeval_2017_train,1,0.2586784362792969
6263455291,mediaeval_2017_train,1,1.0
2096281306,mediaeval_2017_train,1,0.36114978790283203
2481197375,mediaeval_2017_train,2,1.094761699438095
5718696836,mediaeval_2017_train,1,0.9919929504394533
3641979986,mediaeval_2017_train,1,0.2235126495361328
5243220128,mediaeval_2017_train,1,0.10203027725219725
1057689124,mediaeval_2017_train,1,0.37931537628173834
2111359791,mediaeval_2017_train,1,1.0
551313914,mediaeval_2017_train,1,0.3166160583496094
3697514216,mediaeval_2017_train,1,0.7129635810852051
6981396286,mediaeval_2017_train,1,0.3004064559936524
4444797470,mediaeval_2017_train,1,0.6242175102233886
367494974,mediaeval_2017_train,1,1.0
1315492444,mediaeval_2017_train,1,0.026405900716781616
8402217877,mediaeval_2017_train,1,0.3240547180175781
5986319320,mediaeval_2017_train,1,0.13116073608398438
3269874694,mediaeval_2017_train,1,0.12748432159423828
1975843576,mediaeval_2017_train,1,0.42270851135253906
2606424494,mediaeval_2017_train,1,0.2749347686767578
12501208224,mediaeval_2017_train,1,0.09781765937805174
173474999,mediaeval_2017_train,1,0.39590948820114136
100556251,mediaeval_2017_train,1,1.0
4820115609,mediaeval_2017_train,1,0.035369873046875
2582855756,mediaeval_2017_train,2,1.123670220375061
12390896125,mediaeval_2017_train,1,0.3403639793395996
466380523,mediaeval_2017_train,2,1.0939912796020508
3564560902,mediaeval_2017_train,1,0.2690615653991699
7558670176,mediaeval_2017_train,1,0.300236701965332
2573782847,mediaeval_2017_train,1,0.12144851684570315
1054792744,mediaeval_2017_train,1,1.0
5288185808,mediaeval_2017_train,1,0.2415618896484375
8928124580,mediaeval_2017_train,1,0.03646087646484375
7056024675,mediaeval_2017_train,1,0.25624555349349976
5350712276,mediaeval_2017_train,1,0.2551342248916626
4062276980,mediaeval_2017_train,1,0.5015716552734375
3195786277,mediaeval_2017_train,2,1.4742133021354675
1745310575,mediaeval_2017_train,1,0.7823219299316406
6089071989,mediaeval_2017_train,1,0.17326641082763666
6314445394,mediaeval_2017_train,1,0.33956342935562134
856862360,mediaeval_2017_train,1,0.9747941493988037
5627839517,mediaeval_2017_train,1,1.0
375409286,mediaeval_2017_train,1,0.23101139068603516
7132758211,mediaeval_2017_train,1,0.02014350891113281
4108319259,mediaeval_2017_train,1,0.5947351455688474
6109249450,mediaeval_2017_train,1,0.22383499145507815
5287810795,mediaeval_2017_train,1,0.46960365772247326
2559265296,mediaeval_2017_train,1,0.08366966247558594
6553811105,mediaeval_2017_train,1,0.3816699981689453
5816301438,mediaeval_2017_train,1,0.05572509765625
233572189,mediaeval_2017_train,2,6.543753385543825
8982254393,mediaeval_2017_train,1,0.2147674560546875
152286760,mediaeval_2017_train,1,0.48996925354003906
8697893086,mediaeval_2017_train,2,1.958336174488068
121226756,mediaeval_2017_train,2,2.526430130004883
2581416283,mediaeval_2017_train,1,0.40844154357910156
10009244396,mediaeval_2017_train,2,1.3671620786190033
5282885751,mediaeval_2017_train,1,1.0
229434413,mediaeval_2017_train,1,0.0
4279035041,mediaeval_2017_train,2,1.0
4824229187,mediaeval_2017_train,1,0.1862106323242187
124663705,mediaeval_2017_train,1,0.33185577392578125
4577495094,mediaeval_2017_train,2,5.64449667930603
2172378240,mediaeval_2017_train,2,1.6469733119010925
6107211853,mediaeval_2017_train,1,0.4278121590614319
6988750388,mediaeval_2017_train,1,0.06093913316726685
6038477368,mediaeval_2017_train,1,0.07927989959716797
462331963,mediaeval_2017_train,2,1.482066512107849
324971606,mediaeval_2017_train,1,0.6147735118865967
4301402795,mediaeval_2017_train,1,1.0
4360331299,mediaeval_2017_train,2,1.335409253835678
887452313,mediaeval_2017_train,1,0.3681440353393555
8575109109,mediaeval_2017_train,1,0.14355897903442383
5465439602,mediaeval_2017_train,1,0.09485149383544922
2273519300,mediaeval_2017_train,1,0.14722442626953125
28748527,mediaeval_2017_train,1,1.0
3941523891,mediaeval_2017_train,1,0.3907814025878906
3335126780,mediaeval_2017_train,1,0.9183861017227173
8238634118,mediaeval_2017_train,1,1.0
5354715265,mediaeval_2017_train,1,0.656120777130127
50685840,mediaeval_2017_train,1,0.31613850593566895
12210317655,mediaeval_2017_train,1,0.33394479751586914
946775514,mediaeval_2017_train,1,0.1696673333644867
2573641911,mediaeval_2017_train,1,0.09871673583984374
11698320833,mediaeval_2017_train,1,0.5927643775939941
22128931,mediaeval_2017_train,1,0.3856873512268067
3210191548,mediaeval_2017_train,1,0.15598821640014648
3669778489,mediaeval_2017_train,1,0.49304771423339844
6293662544,mediaeval_2017_train,1,0.15569257736206055
2558006583,mediaeval_2017_train,2,1.0738040804862976
9555218462,mediaeval_2017_train,1,0.3240242004394531
2523885524,mediaeval_2017_train,1,0.026836395263671875
2346782167,mediaeval_2017_train,2,1.0298495292663574
1478904609,mediaeval_2017_train,2,3.214552164077758
5333050001,mediaeval_2017_train,1,0.1998119354248047
472439254,mediaeval_2017_train,1,0.10094261169433594
2190032796,mediaeval_2017_train,2,1.974508166313171
213627768,mediaeval_2017_train,1,1.0
1059670829,mediaeval_2017_train,1,0.09669852256774902
410016111,mediaeval_2017_train,1,0.26840686798095703
5857858025,mediaeval_2017_train,1,0.3247413635253906
5704466187,mediaeval_2017_train,1,0.34358406066894537
3273186,mediaeval_2017_train,1,0.17855514585971832
322307704,mediaeval_2017_train,1,0.15051984786987305
396533512,mediaeval_2017_train,1,0.8272895812988281
296139264,mediaeval_2017_train,2,1.2639915347099304
5275183530,mediaeval_2017_train,1,1.0
2385622262,mediaeval_2017_train,1,0.5582699775695801
6796499860,mediaeval_2017_train,1,0.24190902709960938
2567297800,mediaeval_2017_train,1,0.8244171142578125
22548552,mediaeval_2017_train,1,0.11154460906982422
3288379583,mediaeval_2017_train,1,0.19728946685791016
2888756868,mediaeval_2017_train,1,0.18541717529296875
13224974014,mediaeval_2017_train,1,0.10933351516723633
5405598134,mediaeval_2017_train,1,0.26605987548828125
5326977865,mediaeval_2017_train,1,0.16048908233642578
8108912292,mediaeval_2017_train,1,0.12276077270507812
8304479504,mediaeval_2017_train,1,0.32283985614776617
8450474767,mediaeval_2017_train,1,0.09596839547157288
12418843453,mediaeval_2017_train,1,0.15394067764282227
107626313,mediaeval_2017_train,1,0.2192211151123047
4832697096,mediaeval_2017_train,1,0.341156005859375
6136214575,mediaeval_2017_train,2,1.217596292495727
2888694654,mediaeval_2017_train,1,0.02769160270690918
611190231,mediaeval_2017_train,1,0.2449951171875
4703413931,mediaeval_2017_train,1,0.18132781982421875
3930846035,mediaeval_2017_train,1,1.0
11798394685,mediaeval_2017_train,1,0.2503705024719238
7739568888,mediaeval_2017_train,1,0.36098259687423706
6008981158,mediaeval_2017_train,1,0.10097885131835938
350856016,mediaeval_2017_train,1,0.4814128875732422
8509268892,mediaeval_2017_train,1,0.48224735260009766
5346125130,mediaeval_2017_train,1,0.5036104321479797
12890444705,mediaeval_2017_train,1,0.39814841747283936
8086937405,mediaeval_2017_train,1,0.39886796474456787
167984253,mediaeval_2017_train,2,1.0478477478027344
3417167681,mediaeval_2017_train,2,1.4073614180088043
1320474385,mediaeval_2017_train,1,0.3546802997589111
8894092324,mediaeval_2017_train,1,1.0
2781697001,mediaeval_2017_train,1,0.22110748291015622
2871154287,mediaeval_2017_train,1,0.17437744140625
5351361655,mediaeval_2017_train,1,0.16846656799316406
1040841,mediaeval_2017_train,1,0.26616668701171875
3336560323,mediaeval_2017_train,1,0.1571731567382812
4164081880,mediaeval_2017_train,1,0.6822702884674073
2575227583,mediaeval_2017_train,2,1.0
4781162170,mediaeval_2017_train,1,0.17703974246978763
5250948026,mediaeval_2017_train,1,0.5781459808349609
2347194500,mediaeval_2017_train,1,0.11369705200195312
748824973,mediaeval_2017_train,1,1.0
2269424912,mediaeval_2017_train,1,1.0
4014579582,mediaeval_2017_train,1,0.4782218933105469
6089875656,mediaeval_2017_train,1,0.20231288671493525
5397673303,mediaeval_2017_train,1,0.39006567001342773
2585719240,mediaeval_2017_train,1,0.2664704322814941
5370498740,mediaeval_2017_train,2,1.2157368063926697
5302603688,mediaeval_2017_train,1,0.19950276613235474
5464120190,mediaeval_2017_train,1,0.37236547470092773
8333582204,mediaeval_2017_train,1,0.2622528076171875
2863649978,mediaeval_2017_train,1,0.395050048828125
223318805,mediaeval_2017_train,1,0.4317646026611328
12366242994,mediaeval_2017_train,1,0.994655966758728
357360660,mediaeval_2017_train,1,0.37966829538345337
2113502509,mediaeval_2017_train,1,0.3677253723144531
22123231,mediaeval_2017_train,1,0.2159252166748047
11221530335,mediaeval_2017_train,1,0.0
5728524780,mediaeval_2017_train,1,0.41805934906005854
11817789464,mediaeval_2017_train,1,0.44490158557891846
7604213662,mediaeval_2017_train,1,0.059754371643066406
3430637164,mediaeval_2017_train,1,0.3138236999511719
5348993086,mediaeval_2017_train,1,0.3490030765533448
8143909566,mediaeval_2017_train,1,0.10652434825897215
3668746487,mediaeval_2017_train,1,0.1597156524658203
5419227225,mediaeval_2017_train,1,0.2030425071716309
7127546293,mediaeval_2017_train,1,0.10714006423950194
2575043945,mediaeval_2017_train,1,0.30258750915527344
6132974419,mediaeval_2017_train,1,0.2202587127685547
121678194,mediaeval_2017_train,1,0.0030006766319274907
4114494399,mediaeval_2017_train,1,0.13507461547851562
7024492707,mediaeval_2017_train,1,0.12327384948730473
2380835489,mediaeval_2017_train,2,2.1521366238594055
284966066,mediaeval_2017_train,2,2.9909712076187134
4448206931,mediaeval_2017_train,2,3.6058101654052734
4489002519,mediaeval_2017_train,1,0.547027587890625
3967058742,mediaeval_2017_train,1,0.26098340749740595
4237633698,mediaeval_2017_train,1,0.5875997543334961
195860371,mediaeval_2017_train,2,1.3448908925056453
4102181867,mediaeval_2017_train,1,0.26882278919219976
8220540424,mediaeval_2017_train,1,0.8791637420654297
393332592,mediaeval_2017_train,1,1.0
8999801267,mediaeval_2017_train,2,3.750983238220215
70480490,mediaeval_2017_train,1,0.259580135345459
463448049,mediaeval_2017_train,1,1.0
5421359538,mediaeval_2017_train,2,1.0843594670295715
8267973140,mediaeval_2017_train,1,0.17549732327461243
493197002,mediaeval_2017_train,1,1.0
5205033370,mediaeval_2017_train,1,0.24329793453216553
5348198007,mediaeval_2017_train,1,0.4192195534706116
5653077349,mediaeval_2017_train,1,0.10160207748413085
5476282618,mediaeval_2017_train,1,0.12887227535247803
6269443731,mediaeval_2017_train,1,0.0
5338457866,mediaeval_2017_train,1,0.09697914123535156
5350802454,mediaeval_2017_train,1,1.0
4119405953,mediaeval_2017_train,1,0.2912811040878296
9086861231,mediaeval_2017_train,1,0.1471881866455078
2864939983,mediaeval_2017_train,1,0.17041778564453125
876783603,mediaeval_2017_train,1,0.6547502279281616
869026625,mediaeval_2017_train,1,0.1747570037841797
125673924,mediaeval_2017_train,2,1.0
3365379620,mediaeval_2017_train,1,1.0
842433382,mediaeval_2017_train,1,0.19195556640625
3525554278,mediaeval_2017_train,1,0.3258209228515625
461952886,mediaeval_2017_train,1,0.8968906402587892
2430159178,mediaeval_2017_train,1,0.3858909606933594
3999997054,mediaeval_2017_train,1,0.20224952697753906
755856527,mediaeval_2017_train,1,0.06914877891540527
5320626323,mediaeval_2017_train,1,1.0
8286055400,mediaeval_2017_train,1,0.24759948253631597
6575622869,mediaeval_2017_train,1,0.056227222084999084
6135942176,mediaeval_2017_train,1,0.1292862892150879
1053709242,mediaeval_2017_train,1,1.0
440151895,mediaeval_2017_train,2,1.4233868718147278
4347605103,mediaeval_2017_train,2,1.310672581195831
122565567,mediaeval_2017_train,2,1.1489184498786926
2779326495,mediaeval_2017_train,1,0.3990020751953125
4931990114,mediaeval_2017_train,1,0.23534047603607183
2063846004,mediaeval_2017_train,2,1.141838401556015
866020010,mediaeval_2017_train,1,0.1888563632965088
5644949847,mediaeval_2017_train,1,0.1624603271484375
7127833535,mediaeval_2017_train,1,0.21639633178710938
323721913,mediaeval_2017_train,1,4.291534423828125e-05
5915882934,mediaeval_2017_train,1,0.468994140625
11729590915,mediaeval_2017_train,2,1.7594558298587795
5277832652,mediaeval_2017_train,1,0.18857166171073914
1119736242,mediaeval_2017_train,1,0.14865317940711975
152590602,mediaeval_2017_train,1,0.17679214477539065
4251821418,mediaeval_2017_train,1,0.4918403625488281
2590039044,mediaeval_2017_train,1,0.08840179443359376
3185869868,mediaeval_2017_train,1,0.1901826858520508
8934754476,mediaeval_2017_train,2,1.1976470947265625
4395422884,mediaeval_2017_train,1,0.2844505310058594
350697442,mediaeval_2017_train,1,0.5332984924316406
4976105680,mediaeval_2017_train,1,0.677722930908203
394164755,mediaeval_2017_train,1,0.18476295471191403
2512301653,mediaeval_2017_train,1,0.40807342529296875
9156432097,mediaeval_2017_train,1,0.2989921569824219
845354003,mediaeval_2017_train,1,0.09200811386108397
5898855207,mediaeval_2017_train,1,0.08780670166015625
6872044309,mediaeval_2017_train,1,0.5594191551208496
3283141637,mediaeval_2017_train,1,0.16451263427734375
10320759405,mediaeval_2017_train,1,0.1686856150627136
410097866,mediaeval_2017_train,1,0.2508578300476074
121788127,mediaeval_2017_train,2,1.6021264791488647
800817643,mediaeval_2017_train,1,0.1092629432678223
7629108046,mediaeval_2017_train,1,0.5746990442276001
3732134436,mediaeval_2017_train,1,0.1333150863647461
1095364437,mediaeval_2017_train,1,0.5622425079345703
2120198393,mediaeval_2017_train,1,0.7929821014404297
3432893730,mediaeval_2017_train,1,0.2645664215087891
3945688695,mediaeval_2017_train,2,2.2189197540283203
5631445220,mediaeval_2017_train,2,6.120182752609253
8206882640,mediaeval_2017_train,1,0.14261817932128906
173029674,mediaeval_2017_train,1,0.2840399742126465
4104726751,mediaeval_2017_train,1,0.5105458498001099
6093599689,mediaeval_2017_train,2,1.753326416015625
55966224,mediaeval_2017_train,1,0.31768798828125
8150490668,mediaeval_2017_train,1,0.25663498044013977
8023122384,mediaeval_2017_train,1,0.03716456890106201
5696420393,mediaeval_2017_train,1,1.0
2708629838,mediaeval_2017_train,2,4.331310272216797
756044962,mediaeval_2017_train,1,0.3242244720458985
521695546,mediaeval_2017_train,2,1.3951422572135925
6125221647,mediaeval_2017_train,1,0.41880935430526733
6099582129,mediaeval_2017_train,1,0.10875892639160156
4027701094,mediaeval_2017_train,1,0.8481636047363281
3401059579,mediaeval_2017_train,2,1.4647437930107117
6012384914,mediaeval_2017_train,1,1.0
4284498577,mediaeval_2017_train,1,1.0
876913002,mediaeval_2017_train,1,0.1597747802734375
1094109061,mediaeval_2017_train,1,0.6868429183959961
4293141679,mediaeval_2017_train,1,0.061729431152343736
2283808831,mediaeval_2017_train,2,1.2337417602539062
21028484,mediaeval_2017_train,1,0.3124237060546875
3448134065,mediaeval_2017_train,1,0.143096923828125
2221596556,mediaeval_2017_train,1,0.4827291965484619
4680343768,mediaeval_2017_train,2,1.0
4118915649,mediaeval_2017_train,1,0.18253612518310547
8274271932,mediaeval_2017_train,1,0.06460048258304596
8139936803,mediaeval_2017_train,1,0.7325959205627441
13737564445,mediaeval_2017_train,2,1.021953046321869
6401107389,mediaeval_2017_train,1,0.16229432821273804
2701253209,mediaeval_2017_train,1,0.12640953063964844
2098398027,mediaeval_2017_train,1,0.3163151741027832
128341448,mediaeval_2017_train,2,1.5024843215942383
6400787947,mediaeval_2017_train,1,0.3652834892272949
11782951873,mediaeval_2017_train,1,0.10759595036506653
4883724542,mediaeval_2017_train,2,1.661902129650116
2528940950,mediaeval_2017_train,1,1.0
3278225498,mediaeval_2017_train,2,1.548388123512268
5606534578,mediaeval_2017_train,1,0.11999988555908206
2781863590,mediaeval_2017_train,1,0.20865190029144282
4217879713,mediaeval_2017_train,1,0.1442432403564453
5664668196,mediaeval_2017_train,1,0.34795379638671875
12328463323,mediaeval_2017_train,1,0.3933801651000976
3297259349,mediaeval_2017_train,1,0.9637365341186523
3839786160,mediaeval_2017_train,1,1.0
4888495272,mediaeval_2017_train,1,0.5177688598632812
920734468,mediaeval_2017_train,1,0.09770154953002932
5162706859,mediaeval_2017_train,1,0.1364884376525879
4433331019,mediaeval_2017_train,1,0.5089877843856812
369232377,mediaeval_2017_train,1,0.2379074096679687
4802441764,mediaeval_2017_train,2,6.595096588134766
4734759694,mediaeval_2017_train,1,0.3333015441894531
488329848,mediaeval_2017_train,1,0.2977409362792969
2228561142,mediaeval_2017_train,1,0.19558274745941162
11072599314,mediaeval_2017_train,2,1.0
3974118868,mediaeval_2017_train,1,0.6075869798660278
11814300355,mediaeval_2017_train,1,0.3490225076675415
4485730802,mediaeval_2017_train,1,0.1911754608154297
236754582,mediaeval_2017_train,1,0.3224447965621949
8978236217,mediaeval_2017_train,1,0.7647857666015625
133576308,mediaeval_2017_train,1,0.006944656372070313
865162029,mediaeval_2017_train,1,0.28638553619384766
8169680065,mediaeval_2017_train,1,0.5724450349807739
3945412949,mediaeval_2017_train,1,0.2577018737792969
5382803958,mediaeval_2017_train,1,0.24403762817382812
4604904247,mediaeval_2017_train,1,0.19671630859375
4402627727,mediaeval_2017_train,1,1.0
5351545770,mediaeval_2017_train,1,0.2706617116928101
390445538,mediaeval_2017_train,1,0.5211777687072754
4627185637,mediaeval_2017_train,1,0.211334228515625
5354721956,mediaeval_2017_train,1,0.6451387405395508
3239396283,mediaeval_2017_train,1,0.3693413734436035
299571227,mediaeval_2017_train,1,1.0
2265794221,mediaeval_2017_train,1,0.08455276489257812
8155031913,mediaeval_2017_train,2,5.519956588745117
5348809889,mediaeval_2017_train,1,1.0
11609299543,mediaeval_2017_train,1,0.10661011934280397
12389527884,mediaeval_2017_train,1,0.1029515266418457
462309478,mediaeval_2017_train,1,0.6037580966949463
565171628,mediaeval_2017_train,1,0.13410472869873047
6131414828,mediaeval_2017_train,1,0.5568408966064453
5150581239,mediaeval_2017_train,1,0.29466784000396723
322178679,mediaeval_2017_train,2,1.4287726879119873
4884000636,mediaeval_2017_train,1,0.3821125030517578
6362152809,mediaeval_2017_train,1,0.11895942687988281
5934281381,mediaeval_2017_train,1,0.22026443481445312
3000894369,mediaeval_2017_train,1,0.3281278610229493
375265255,mediaeval_2017_train,1,0.0
8236076090,mediaeval_2017_train,1,0.29484665393829346
6996755990,mediaeval_2017_train,1,0.6523494720458983
4482869666,mediaeval_2017_train,1,1.0
5351427048,mediaeval_2017_train,1,0.9548181295394897
8682810697,mediaeval_2017_train,1,0.30608463287353516
5521153287,mediaeval_2017_train,1,1.0
3881753841,mediaeval_2017_train,1,0.36043834686279297
224448463,mediaeval_2017_train,1,0.37204742431640625
12075601576,mediaeval_2017_train,1,0.1777690351009369
2857314051,mediaeval_2017_train,2,1.2549601197242737
4828718012,mediaeval_2017_train,1,0.39987945556640625
6166091686,mediaeval_2017_train,1,0.1990742087364197
8366061786,mediaeval_2017_train,1,0.23249125480651855
5672543807,mediaeval_2017_train,1,1.0
189608277,mediaeval_2017_train,1,0.2395404577255249
5713292969,mediaeval_2017_train,1,0.6893868446350098
2383569342,mediaeval_2017_train,1,0.8080978393554688
858809622,mediaeval_2017_train,1,0.040559649467468276
435301217,mediaeval_2017_train,1,0.27689146995544434
3306670410,mediaeval_2017_train,1,0.10591888427734375
185972605,mediaeval_2017_train,1,0.4054851531982422
5342081681,mediaeval_2017_train,1,0.47676563262939453
83710774,mediaeval_2017_train,1,0.14131927490234375
3501049410,mediaeval_2017_train,1,0.24365997314453125
8135408260,mediaeval_2017_train,1,0.15944615006446838
8027897352,mediaeval_2017_train,1,0.006696775555610656
11742188375,mediaeval_2017_train,1,0.2805403769016266
2239410796,mediaeval_2017_train,1,0.5064587593078613
8026164803,mediaeval_2017_train,1,0.404315710067749
2674673263,mediaeval_2017_train,1,0.39631837606430054
2113827703,mediaeval_2017_train,1,0.42997169494628906
12821342,mediaeval_2017_train,1,0.46561336517333984
9112370286,mediaeval_2017_train,1,0.15547466278076172
5445023783,mediaeval_2017_train,1,0.116450309753418
4480139495,mediaeval_2017_train,1,0.10278499126434328
383896888,mediaeval_2017_train,1,0.8943157196044922
4499738656,mediaeval_2017_train,1,0.11884140968322754
4406139152,mediaeval_2017_train,1,0.22815227508544927
4425203859,mediaeval_2017_train,1,0.6979904174804688
2569458572,mediaeval_2017_train,1,0.1277637481689453
4121202341,mediaeval_2017_train,1,1.0
4824065669,mediaeval_2017_train,2,1.5525023341178894
23483289,mediaeval_2017_train,1,0.3834015727043152
1401269849,mediaeval_2017_train,1,0.09444761276245114
7910580230,mediaeval_2017_train,1,0.649730682373047
83655338,mediaeval_2017_train,2,3.054696381092072
2186588573,mediaeval_2017_train,1,0.2706756591796875
2856371823,mediaeval_2017_train,1,0.11500167846679688
6978240712,mediaeval_2017_train,1,0.16603803634643555
2618734383,mediaeval_2017_train,2,1.0
4462483142,mediaeval_2017_train,1,0.12476158142089844
3720108713,mediaeval_2017_train,1,0.18525981903076172
3170643057,mediaeval_2017_train,1,0.2991447448730469
6092750423,mediaeval_2017_train,1,0.4245255589485169
12435292583,mediaeval_2017_train,1,0.11727333068847656
408219021,mediaeval_2017_train,1,0.5529804229736328
6091111560,mediaeval_2017_train,1,0.260793685913086
2550690454,mediaeval_2017_train,1,0.23568010330200195
5052908324,mediaeval_2017_train,1,0.10859625786542892
147160837,mediaeval_2017_train,1,0.41050386428833013
5350723785,mediaeval_2017_train,1,0.9205915927886962
8446704723,mediaeval_2017_train,1,0.733165740966797
2569910968,mediaeval_2017_train,1,0.24288558959960938
5596928161,mediaeval_2017_train,1,1.0
4147400499,mediaeval_2017_train,1,1.0
5167905322,mediaeval_2017_train,1,1.0
6067933425,mediaeval_2017_train,1,0.4632759094238281
4899614525,mediaeval_2017_train,2,1.136314570903778
5517643517,mediaeval_2017_train,1,0.35955810546875
5291448029,mediaeval_2017_train,1,0.2624473571777344
460734243,mediaeval_2017_train,1,0.4101743698120117
8692893693,mediaeval_2017_train,1,0.3022899627685547
4408168829,mediaeval_2017_train,1,0.18821477890014648
2737510401,mediaeval_2017_train,1,0.2873226404190064
8462606710,mediaeval_2017_train,1,1.0
2691160332,mediaeval_2017_train,1,0.154083251953125
2857854229,mediaeval_2017_train,1,0.49352264404296875
3468541420,mediaeval_2017_train,1,0.7554378509521484
3928181099,mediaeval_2017_train,1,0.38878917694091797
871143428,mediaeval_2017_train,1,0.3351306915283203
2536198195,mediaeval_2017_train,1,0.5242913365364075
204103649,mediaeval_2017_train,1,0.8539047241210938
2051723145,mediaeval_2017_train,1,0.3902081847190857
5073726346,mediaeval_2017_train,1,1.0
3284227211,mediaeval_2017_train,1,0.6345162391662598
2582681334,mediaeval_2017_train,1,0.6451168060302734
6093165806,mediaeval_2017_train,1,0.20936205983161926
50563177,mediaeval_2017_train,1,0.13773655891418454
3407465437,mediaeval_2017_train,1,0.32257306575775146
8659660855,mediaeval_2017_train,1,0.05992317199707031
634288549,mediaeval_2017_train,1,0.1362285614013672
125226017,mediaeval_2017_train,2,1.0
88197268,mediaeval_2017_train,1,0.14938020706176758
250302413,mediaeval_2017_train,1,0.04386723041534424
2932219132,mediaeval_2017_train,1,1.0
4630849843,mediaeval_2017_train,1,0.14280033111572266
2319010683,mediaeval_2017_train,1,0.5429191589355469
2627637547,mediaeval_2017_train,1,0.43255615234375
5676579637,mediaeval_2017_train,1,0.4344978332519531
6015832020,mediaeval_2017_train,1,1.0
5829687893,mediaeval_2017_train,2,7.0466766357421875
2870141529,mediaeval_2017_train,1,0.25964504480361933
3723288867,mediaeval_2017_train,1,0.1688194274902344
305164822,mediaeval_2017_train,1,0.6906241774559021
768231184,mediaeval_2017_train,1,0.20298194885253912
12743402885,mediaeval_2017_train,2,1.7086747884750364
55530364,mediaeval_2017_train,1,0.30611282587051386
4675655329,mediaeval_2017_train,1,0.15573883056640625
3515301521,mediaeval_2017_train,1,0.23976516723632812
4125667029,mediaeval_2017_train,1,0.12348175048828125
4355573907,mediaeval_2017_train,1,1.0
4121336017,mediaeval_2017_train,1,0.11119472980499268
668275307,mediaeval_2017_train,1,0.13609731197357178
1118746556,mediaeval_2017_train,1,0.06975173950195312
5810971098,mediaeval_2017_train,1,0.1774444580078125
623335297,mediaeval_2017_train,1,0.31500101089477534
2947522483,mediaeval_2017_train,2,1.5337308645248413
2856999210,mediaeval_2017_train,1,0.3792142868041992
2535428583,mediaeval_2017_train,2,4.533012390136719
8206741508,mediaeval_2017_train,1,0.16675186157226557
5704022983,mediaeval_2017_train,1,0.7342367172241209
3329017736,mediaeval_2017_train,1,0.9225678443908691
832180753,mediaeval_2017_train,1,0.23586559295654302
1316755922,mediaeval_2017_train,1,0.14477062225341794
6096890720,mediaeval_2017_train,1,0.5360946655273438
2295819484,mediaeval_2017_train,1,0.20096004009246826
120454059,mediaeval_2017_train,1,0.9325103759765624
542640146,mediaeval_2017_train,1,0.16026687622070312
11895089223,mediaeval_2017_train,1,0.21350002288818354
2720391232,mediaeval_2017_train,1,0.5751457214355469
3182806259,mediaeval_2017_train,1,0.10056686401367188
5661472357,mediaeval_2017_train,1,0.2739827036857605
3231834447,mediaeval_2017_train,1,1.0
8311510480,mediaeval_2017_train,1,0.3773293495178223
3348273231,mediaeval_2017_train,2,1.470556616783142
5778426848,mediaeval_2017_train,1,0.164566233754158
4435581762,mediaeval_2017_train,1,0.7618407011032102
4009290119,mediaeval_2017_train,1,0.259702205657959
299741470,mediaeval_2017_train,1,0.08295512199401855
5359543794,mediaeval_2017_train,1,0.3893775939941406
624803574,mediaeval_2017_train,1,0.06038188934326172
2233545948,mediaeval_2017_train,1,0.2596874237060547
4124800672,mediaeval_2017_train,1,0.6348309516906738
5343316866,mediaeval_2017_train,1,0.37079572677612305
2172884582,mediaeval_2017_train,1,0.25531551241874695
869956256,mediaeval_2017_train,1,0.16924190521240234
3454809058,mediaeval_2017_train,1,1.0
4048979044,mediaeval_2017_train,1,1.0
485167819,mediaeval_2017_train,1,0.3420780897140503
366546642,mediaeval_2017_train,1,0.5029573440551758
382497843,mediaeval_2017_train,1,0.5569131374359131
8951746657,mediaeval_2017_train,2,1.440609633922577
12211401066,mediaeval_2017_train,1,0.11915016174316406
4971207826,mediaeval_2017_train,1,0.08242416381835938
5358714644,mediaeval_2017_train,1,0.19543063640594482
5354118040,mediaeval_2017_train,2,1.7951758503913884
11871447084,mediaeval_2017_train,1,0.18881988525390625
8473631391,mediaeval_2017_train,1,0.11943209171295166
4827390236,mediaeval_2017_train,1,0.3374290466308594
8734072,mediaeval_2017_train,1,1.0
9166849806,mediaeval_2017_train,1,0.44867849349975586
1736899649,mediaeval_2017_train,1,0.0
4446360105,mediaeval_2017_train,2,2.480738043785095
2823198008,mediaeval_2017_train,1,0.43921446800231934
11729833165,mediaeval_2017_train,1,0.0
5683281274,mediaeval_2017_train,1,0.13337326049804688
462133339,mediaeval_2017_train,1,0.3521084785461426
6088750153,mediaeval_2017_train,1,1.0
622433412,mediaeval_2017_train,1,0.352108895778656
317872256,mediaeval_2017_train,1,0.21361076831817621
9325553263,mediaeval_2017_train,1,0.4217700958251953
8027229968,mediaeval_2017_train,1,0.6819095611572266
4040735376,mediaeval_2017_train,1,0.0818757712841034
2817721291,mediaeval_2017_train,1,0.07085800170898438
6090491837,mediaeval_2017_train,2,1.2947239875793457
5355181785,mediaeval_2017_train,1,0.5652863979339601
3497806083,mediaeval_2017_train,1,0.23017644882202154
77821592,mediaeval_2017_train,1,1.0
4727355045,mediaeval_2017_train,2,1.3572623133659363
3164147085,mediaeval_2017_train,1,0.09567832946777344
5135183207,mediaeval_2017_train,1,0.049727439880371094
9053289794,mediaeval_2017_train,1,0.23088932037353516
6281261792,mediaeval_2017_train,1,0.388441264629364
4283320358,mediaeval_2017_train,1,0.20661884546279907
5342324776,mediaeval_2017_train,1,0.36814260482788086
559716438,mediaeval_2017_train,1,0.08121967315673828
10250006225,mediaeval_2017_train,1,1.0
6306491142,mediaeval_2017_train,2,1.0
462826444,mediaeval_2017_train,1,0.19175851345062256
4305779487,mediaeval_2017_train,1,1.0
7129061529,mediaeval_2017_train,1,0.2990493178367615
2854976904,mediaeval_2017_train,1,0.1382312774658203
7810936072,mediaeval_2017_train,1,0.10109758377075198
498353333,mediaeval_2017_train,1,0.040704429149627686
868414100,mediaeval_2017_train,1,0.09061431884765625
115131182,mediaeval_2017_train,1,0.6139755249023438
355251706,mediaeval_2017_train,1,0.3391942977905273
3679377075,mediaeval_2017_train,1,0.030321359634399414
8390893689,mediaeval_2017_train,1,0.43792247772216797
2668403478,mediaeval_2017_train,1,1.0
2832701481,mediaeval_2017_train,1,0.16505813598632812
9544196942,mediaeval_2017_train,1,0.9233728647232056
11998402836,mediaeval_2017_train,1,0.034024953842163086
247550619,mediaeval_2017_train,1,0.2151641845703125
12457914633,mediaeval_2017_train,2,1.1034715473651886
2208893218,mediaeval_2017_train,1,0.18070310354232783
3527410233,mediaeval_2017_train,1,0.31734466552734375
4426723868,mediaeval_2017_train,1,0.13130760192871094
519783240,mediaeval_2017_train,1,0.09276485443115234
4410625930,mediaeval_2017_train,1,1.0
4781062967,mediaeval_2017_train,1,0.15488052368164062
514826675,mediaeval_2017_train,1,0.9262266159057619
231944056,mediaeval_2017_train,1,0.27811551094055176
6090269121,mediaeval_2017_train,1,0.21330583095550534
2481944299,mediaeval_2017_train,1,1.0
4303171923,mediaeval_2017_train,1,0.4014072418212891
12277297423,mediaeval_2017_train,1,0.18413710594177246
4799507228,mediaeval_2017_train,1,0.49915677309036255
1167243571,mediaeval_2017_train,1,0.0
5237846520,mediaeval_2017_train,1,0.2402263879776001
6098772102,mediaeval_2017_train,1,0.13005828857421875
4827604519,mediaeval_2017_train,1,0.3376274108886719
8227477260,mediaeval_2017_train,1,0.45858192443847656
7062221103,mediaeval_2017_train,1,0.0784844160079956
864136428,mediaeval_2017_train,1,0.27666759490966797
1277619366,mediaeval_2017_train,1,0.3179296553134918
8421777547,mediaeval_2017_train,1,0.4814443588256836
7612273032,mediaeval_2017_train,1,0.1446521878242493
5647922261,mediaeval_2017_train,1,0.19835662841796872
2352830241,mediaeval_2017_train,1,1.0
4693174927,mediaeval_2017_train,2,1.3545449376106262
4699351114,mediaeval_2017_train,1,0.3867921829223633
4410478090,mediaeval_2017_train,1,1.0
7747537308,mediaeval_2017_train,1,0.05169755220413208
6678145659,mediaeval_2017_train,1,0.7340821027755737
5787314923,mediaeval_2017_train,2,1.8421835899353027
3342797833,mediaeval_2017_train,1,0.2672119140625
2585600961,mediaeval_2017_train,2,1.1407623291015625
5437740719,mediaeval_2017_train,1,0.11796045303344727
8442533869,mediaeval_2017_train,1,0.2150634527206421
7424209210,mediaeval_2017_train,1,0.10442829132080078
4138290685,mediaeval_2017_train,1,0.2531752586364746
2183184557,mediaeval_2017_train,1,0.06790123879909515
3637821420,mediaeval_2017_train,1,0.3823585510253906
10706899626,mediaeval_2017_train,2,1.1278762817382817
930495342,mediaeval_2017_train,1,0.30739593505859375
6113103656,mediaeval_2017_train,1,0.1327223777770996
4065300172,mediaeval_2017_train,1,0.5190305709838867
781616816,mediaeval_2017_train,1,0.27403378486633295
632323551,mediaeval_2017_train,1,0.7849130630493164
294395287,mediaeval_2017_train,2,1.9445119500160217
4060380702,mediaeval_2017_train,1,0.1593446731567383
6257503582,mediaeval_2017_train,1,0.1500344872474671
6118261323,mediaeval_2017_train,1,0.6329493522644043
1307619908,mediaeval_2017_train,1,0.25180065631866455
9217272586,mediaeval_2017_train,2,1.2862136363983154
192450971,mediaeval_2017_train,1,1.0
889497114,mediaeval_2017_train,1,0.2677936553955078
4027637090,mediaeval_2017_train,1,0.301131010055542
27738373,mediaeval_2017_train,1,0.30436480045318604
4101471178,mediaeval_2017_train,1,1.0
3598665615,mediaeval_2017_train,1,0.1448046565055847
3789460421,mediaeval_2017_train,2,1.5128294825553894
3177677963,mediaeval_2017_train,1,0.17655503749847415
7577731556,mediaeval_2017_train,1,1.0
5415953836,mediaeval_2017_train,1,0.16499477624893188
3259906543,mediaeval_2017_train,1,0.3857154846191406
2853544358,mediaeval_2017_train,1,0.4390449523925781
53327844,mediaeval_2017_train,1,0.2067680358886719
3801458060,mediaeval_2017_train,1,0.22024250030517578
7337246250,mediaeval_2017_train,1,0.4541658759117127
216920194,mediaeval_2017_train,1,0.0
223594523,mediaeval_2017_train,1,0.594497561454773
12537994203,mediaeval_2017_train,1,0.6101140975952148
859208695,mediaeval_2017_train,1,0.04806160926818848
8143328087,mediaeval_2017_train,1,0.41769540309906
6759439383,mediaeval_2017_train,1,0.16379928588867188
12610820625,mediaeval_2017_train,1,0.13494026660919187
3103913968,mediaeval_2017_train,1,0.8122014999389648
8664400366,mediaeval_2017_train,1,0.14093589782714844
3662678,mediaeval_2017_train,1,1.0
5760210598,mediaeval_2017_train,1,0.36934661865234375
6278088132,mediaeval_2017_train,1,0.11695021390914918
6012719023,mediaeval_2017_train,1,0.0778656005859375
6761189907,mediaeval_2017_train,2,1.0489118099212644
6225974326,mediaeval_2017_train,1,0.12321412563323976
8302292527,mediaeval_2017_train,1,0.1830132007598877
8421891814,mediaeval_2017_train,1,0.0946807861328125
9637997598,mediaeval_2017_train,1,0.3119328022003174
3939065031,mediaeval_2017_train,1,1.0
5385133852,mediaeval_2017_train,1,0.02280521299690008
862109162,mediaeval_2017_train,1,0.3182155191898346
294831491,mediaeval_2017_train,2,2.4694897532463074
2956430980,mediaeval_2017_train,1,0.1386317014694214
7082825751,mediaeval_2017_train,1,0.09283065795898438
3705701044,mediaeval_2017_train,1,0.23780059814453125
6091068465,mediaeval_2017_train,1,0.4982414245605469
97163523,mediaeval_2017_train,1,0.36796998977661133
5400122193,mediaeval_2017_train,1,0.8970718383789062
4877522232,mediaeval_2017_train,1,0.2883377075195313
5131935046,mediaeval_2017_train,1,0.7424554824829102
5677830441,mediaeval_2017_train,1,0.3241939544677735
2892801199,mediaeval_2017_train,1,0.17973756790161133
3365010984,mediaeval_2017_train,1,1.0
8227091800,mediaeval_2017_train,1,0.4317159652709961
6839724835,mediaeval_2017_train,1,0.5044288635253906
3203431116,mediaeval_2017_train,1,0.13639068603515625
178014330,mediaeval_2017_train,1,1.0
133697427,mediaeval_2017_train,1,0.1891765296459198
5857049098,mediaeval_2017_train,1,0.1314544677734375
410928216,mediaeval_2017_train,1,1.0
358074293,mediaeval_2017_train,1,0.7119274139404297
313250186,mediaeval_2017_train,1,0.2567787170410156
12542066813,mediaeval_2017_train,1,0.31128525733947754
5831604238,mediaeval_2017_train,1,0.21852874755859375
180618058,mediaeval_2017_train,1,1.0
5610755781,mediaeval_2017_train,1,0.3295173645019531
5990944938,mediaeval_2017_train,1,0.04406547546386719
6088773321,mediaeval_2017_train,1,1.0
2765367689,mediaeval_2017_train,1,0.9749670028686523
3518865241,mediaeval_2017_train,1,0.08529186248779297
701402410,mediaeval_2017_train,2,6.384756565093996
8938099885,mediaeval_2017_train,1,0.24048995971679688
3642021341,mediaeval_2017_train,1,0.09342193603515626
3780823089,mediaeval_2017_train,1,0.8413982391357422
4435972759,mediaeval_2017_train,1,0.21044492721557617
3080953736,mediaeval_2017_train,1,1.0
4688305400,mediaeval_2017_train,1,0.3906042575836182
11632228216,mediaeval_2017_train,1,0.2438039779663086
8139184800,mediaeval_2017_train,1,0.06316688656806946
5990522464,mediaeval_2017_train,1,0.5231418609619141
4014973872,mediaeval_2017_train,1,0.39232635498046875
484322111,mediaeval_2017_train,1,0.39716219902038574
25441112,european_floods_2013,1,0.17609691619873044
25441113,european_floods_2013,1,0.1779775619506836
25441114,european_floods_2013,1,0.19727611541748047
25441115,european_floods_2013,1,0.21539688110351562
25441162,european_floods_2013,1,0.21539688110351562
25505067,european_floods_2013,1,0.12011337280273438
26451872,european_floods_2013,1,0.12469482421875
26454805,european_floods_2013,2,5.517598628997801
26459045,european_floods_2013,2,6.091336727142332
26459046,european_floods_2013,2,4.8259265422821045
26459050,european_floods_2013,2,6.6525444984436035
26459061,european_floods_2013,2,1.583997130393982
26459097,european_floods_2013,2,1.3601554930210114
26459102,european_floods_2013,1,5.53131103515625e-05
26459129,european_floods_2013,1,0.09873199462890626
26459138,european_floods_2013,2,2.598761200904846
26459139,european_floods_2013,2,2.598761200904846
26459141,european_floods_2013,2,1.5829811096191406
26459144,european_floods_2013,2,2.3687063455581665
26459148,european_floods_2013,2,2.0247573852539062
26459175,european_floods_2013,1,0.3525199890136719
26459978,european_floods_2013,1,0.07838630676269531
26466803,european_floods_2013,1,0.1368408203125
26470296,european_floods_2013,1,0.158660888671875
26471264,european_floods_2013,1,0.23949241638183588
26471285,european_floods_2013,1,0.5145683288574219
26471327,european_floods_2013,1,0.5121402740478516
26489975,european_floods_2013,2,1.904807686805725
26489990,european_floods_2013,1,0.34053611755371094
26489994,european_floods_2013,2,2.0762996673583984
26489998,european_floods_2013,1,0.17409515380859375
26490003,european_floods_2013,1,0.17409515380859375
26490008,european_floods_2013,2,2.2957884073257446
26490097,european_floods_2013,2,1.0
26490433,european_floods_2013,2,1.5181248784065247
26493196,european_floods_2013,1,0.3825702667236328
26493199,european_floods_2013,2,1.486373245716095
26493200,european_floods_2013,2,1.149386703968048
26493206,european_floods_2013,2,1.0382347106933594
26493212,european_floods_2013,2,1.2461255490779877
26499593,european_floods_2013,2,1.3061040043830872
26499710,european_floods_2013,2,1.119782745838165
26527945,european_floods_2013,2,2.077603936195374
26538899,european_floods_2013,1,0.3843326568603516
26538926,european_floods_2013,1,0.9473514556884766
26538956,european_floods_2013,1,0.4208030700683594
26538971,european_floods_2013,1,1.0
26538976,european_floods_2013,1,1.0
26538988,european_floods_2013,1,1.0
26539230,european_floods_2013,1,0.5220298767089844
26539265,european_floods_2013,2,10.698282241821289
26539740,european_floods_2013,1,0.2046985626220703
26539745,european_floods_2013,1,0.2077960968017578
26539839,european_floods_2013,1,0.072540283203125
26539841,european_floods_2013,1,0.072540283203125
26539842,european_floods_2013,1,0.1535606384277344
26539846,european_floods_2013,1,0.10905838012695312
26539847,european_floods_2013,1,0.17400741577148435
26543613,european_floods_2013,1,0.8388071060180664
26550482,european_floods_2013,1,0.3828010559082031
26551204,european_floods_2013,1,0.5147800445556641
26552410,european_floods_2013,1,0.15536022186279297
26552639,european_floods_2013,1,0.780092716217041
26566891,european_floods_2013,2,5.849909543991089
26567375,european_floods_2013,1,0.4010891914367676
26573838,european_floods_2013,2,4.892794370651245
26578013,european_floods_2013,1,0.03035259246826172
26578274,european_floods_2013,2,1.9163522720336912
26578335,european_floods_2013,2,1.0
26582985,european_floods_2013,2,1.2436999380588531
26582986,european_floods_2013,2,1.2436999380588531
26582994,european_floods_2013,2,1.2436999380588531
26582999,european_floods_2013,2,1.2436999380588531
26583004,european_floods_2013,2,1.2436999380588531
26583005,european_floods_2013,2,1.2436999380588531
26583006,european_floods_2013,2,1.2436999380588531
26583009,european_floods_2013,2,1.2436999380588531
26583016,european_floods_2013,2,1.2436999380588531
26583051,european_floods_2013,2,1.2436999380588531
26583096,european_floods_2013,1,0.9431476593017578
26583310,european_floods_2013,2,1.2436999380588531
26583358,european_floods_2013,2,1.2436999380588531
26632211,european_floods_2013,1,0.8786954879760742
26640329,european_floods_2013,1,1.0
26666525,european_floods_2013,1,0.2615170478820801
26666821,european_floods_2013,2,1.3182029724121094
26704277,european_floods_2013,2,1.9787738919258118
26727777,european_floods_2013,1,0.9335460662841797
26728787,european_floods_2013,1,0.3741264343261719
26729046,european_floods_2013,1,0.2037200927734375
26729146,european_floods_2013,1,0.2037200927734375
26746665,european_floods_2013,2,1.5303211212158203
26750873,european_floods_2013,2,1.8943634033203125
26750874,european_floods_2013,2,1.8943634033203125
26750876,european_floods_2013,2,1.8943634033203125
26750877,european_floods_2013,2,1.8943634033203125
26750896,european_floods_2013,2,1.8943634033203125
26784462,european_floods_2013,1,0.42822265625
26784499,european_floods_2013,1,0.42822265625
26784802,european_floods_2013,2,1.2900821566581726
26785324,european_floods_2013,1,0.1376781463623047
26817161,european_floods_2013,2,2.8516422510147095
26817259,european_floods_2013,2,1.8401904702186584
26817270,european_floods_2013,2,1.8401904702186584
26817375,european_floods_2013,1,0.15316331386566162
26828107,european_floods_2013,1,1.0
26830556,european_floods_2013,2,1.8941662907600403
27123203,european_floods_2013,2,2.763521194458008
27123437,european_floods_2013,2,1.5633742213249207
27148922,european_floods_2013,2,1.5305562913417816
27151233,european_floods_2013,2,1.9391275644302366
27187630,european_floods_2013,2,1.9255573749542236
27187818,european_floods_2013,2,1.464712142944336
27188005,european_floods_2013,2,1.328116774559021
27284346,european_floods_2013,2,2.174139022827148
27285799,european_floods_2013,1,0.4061450958251953
27354783,european_floods_2013,2,1.0
27396666,european_floods_2013,2,1.4018847346305847
27396801,european_floods_2013,2,1.1667118072509766
28594588,european_floods_2013,1,1.0
28594589,european_floods_2013,1,1.0
30177333,european_floods_2013,1,0.3689651489257813
47328056,european_floods_2013,2,1.8259578943252568
56490653,european_floods_2013,2,1.3431485891342163
56490663,european_floods_2013,2,1.7951663732528682
56491873,european_floods_2013,2,2.0241050720214844
56491899,european_floods_2013,2,1.5720338821411137
56491913,european_floods_2013,2,1.2849315404891968
56492345,european_floods_2013,2,1.6034812927246092
56492369,european_floods_2013,2,1.302458763122558
56492378,european_floods_2013,2,1.2910999059677124
56492383,european_floods_2013,2,1.302458763122558
56492386,european_floods_2013,2,1.302458763122558
56492388,european_floods_2013,2,1.302458763122558
56492400,european_floods_2013,2,1.2448009252548218
56493136,european_floods_2013,1,0.46544551849365234
56493142,european_floods_2013,1,0.16243934631347656
56493147,european_floods_2013,1,0.22910022735595703
56493353,european_floods_2013,2,1.3635956048965454
56498187,european_floods_2013,2,2.2965087890625004
56498190,european_floods_2013,2,1.344520211219788
56498229,european_floods_2013,1,0.49611473083496094
56513985,european_floods_2013,2,1.3978210687637325
56513997,european_floods_2013,2,2.59277594089508
56523626,european_floods_2013,2,1.3876523971557617
56523758,european_floods_2013,2,1.7538419961929321
56523768,european_floods_2013,2,1.5491962432861328
56523775,european_floods_2013,2,1.5491962432861328
56523844,european_floods_2013,1,0.8523654937744141
56523854,european_floods_2013,1,0.6122617721557617
56555577,european_floods_2013,1,0.8032026290893555
56556002,european_floods_2013,1,0.6550788879394531
57239762,european_floods_2013,1,0.141845703125
57239774,european_floods_2013,1,0.22153472900390625
59072327,european_floods_2013,1,0.1608257293701172
59072331,european_floods_2013,2,1.1747471690177917
59072342,european_floods_2013,1,0.2928600311279297
59072349,european_floods_2013,1,0.2674427032470703
59072354,european_floods_2013,1,0.292501449584961
59072360,european_floods_2013,1,0.8597583770751953
